{
    "__comment": "Model generated using MrCrayfish's Model Creator (https://mrcrayfish.com/tools?id=mc)",
    "textures": {
        "particle": "minecraft:block/light_gray_concrete",
        "handle_guard": "minecraft:block/gray_concrete",
        "metal_tip": "minecraft:block/iron_block",
        "metal_base": "minecraft:block/red_concrete",
        "handle": "minecraft:block/light_gray_concrete"
    },
    "display": {
        "gui": {
            "rotation": [ 30, 225, 0 ],
            "translation": [ 0, 0.6, 0 ],
            "scale": [ 1, 1, 1 ]
        },
        "ground": {
            "rotation": [ 0, 0, 0 ],
            "translation": [ 0, 3, 0 ],
            "scale": [ 0.75, 0.75, 0.75 ]
        },
        "fixed": {
            "rotation": [ 0, 0, 0 ],
            "translation": [ 0, 1.5, 0 ],
            "scale": [ 1.25, 1.25, 1.25 ]
        },
        "firstperson_righthand": {
            "rotation": [ 0, 90, 0 ],
            "translation": [ 1, 2.5, 0 ],
            "scale": [ 0.75, 0.75, 0.75 ]
        },
        "thirdperson_righthand": {
            "rotation": [ 0, 90, 0 ],
            "translation": [ 0, 2, 1.5 ],
            "scale": [ 1, 1, 1 ]
        }
    },
    "elements": [
        {
            "from": [ 7.2, 1, 7.3 ], 
            "to": [ 8.8, 7, 8.7 ], 
            "faces": {
                "north": { "texture": "#handle", "uv": [ 0, 0, 1.6, 6 ] },
                "east": { "texture": "#handle", "uv": [ 0, 0, 1.4, 6 ] },
                "south": { "texture": "#handle", "uv": [ 0, 0, 1.6, 6 ] },
                "west": { "texture": "#handle", "uv": [ 0, 0, 1.4, 6 ] }
            }
        },
        {
            "from": [ 7.1, 6.4, 7.2 ], 
            "to": [ 8.9, 8, 8.8 ], 
            "faces": {
                "north": { "texture": "#handle_guard", "uv": [ 0, 0, 1.8, 1.6 ] },
                "east": { "texture": "#handle_guard", "uv": [ 0, 0, 1.6, 1.6 ] },
                "south": { "texture": "#handle_guard", "uv": [ 0, 0, 1.8, 1.6 ] },
                "west": { "texture": "#handle_guard", "uv": [ 0, 0, 1.6, 1.6 ] },
                "up": { "texture": "#handle_guard", "uv": [ 0, 0, 1.8, 1.6 ] },
                "down": { "texture": "#handle_guard", "uv": [ 0, 0, 1.8, 1.6 ] }
            }
        },
        {
            "from": [ 7.1, 0, 7.2 ], 
            "to": [ 8.9, 1.6, 8.8 ], 
            "faces": {
                "north": { "texture": "#handle_guard", "uv": [ 0, 0, 1.8, 1.6 ] },
                "east": { "texture": "#handle_guard", "uv": [ 0, 0, 1.6, 1.6 ] },
                "south": { "texture": "#handle_guard", "uv": [ 0, 0, 1.8, 1.6 ] },
                "west": { "texture": "#handle_guard", "uv": [ 0, 0, 1.6, 1.6 ] },
                "up": { "texture": "#handle_guard", "uv": [ 0, 0, 1.8, 1.6 ] },
                "down": { "texture": "#handle_guard", "uv": [ 0, 0, 1.8, 1.6 ] }
            }
        },
        {
            "from": [ 7.3, 8, 7.3 ], 
            "to": [ 8.7, 12, 8.7 ], 
            "faces": {
                "north": { "texture": "#metal_base", "uv": [ 0, 0, 1.4, 2 ] },
                "east": { "texture": "#metal_base", "uv": [ 0, 0, 1.4, 2 ] },
                "south": { "texture": "#metal_base", "uv": [ 0, 0, 1.4, 2 ] },
                "west": { "texture": "#metal_base", "uv": [ 0, 0, 1.4, 2 ] }
            }
        },
        {
            "from": [ 6.5, 12, 7.1 ], 
            "to": [ 9.5, 13.8, 8.9 ], 
            "faces": {
                "north": { "texture": "#handle", "uv": [ 0, 0, 1.4, 2 ] },
                "east": { "texture": "#handle", "uv": [ 0, 0, 1.4, 2 ] },
                "south": { "texture": "#handle", "uv": [ 0, 0, 1.4, 2 ] },
                "west": { "texture": "#handle", "uv": [ 0, 0, 1.4, 2 ] },
                "up": { "texture": "#handle", "uv": [ 0, 0, 1.4, 1.4 ] },
                "down": { "texture": "#handle", "uv": [ 0, 0, 3, 1.8 ] }
            }
        },
        {
            "from": [ 9.7, 11.9, 7 ], 
            "to": [ 10.7, 13.9, 9 ], 
            "faces": {
                "north": { "texture": "#handle", "uv": [ 0, 0, 1.4, 2 ] },
                "east": { "texture": "#metal_tip", "uv": [ 1, 1, 2, 2 ] },
                "south": { "texture": "#handle", "uv": [ 0, 0, 1.4, 2 ] },
                "west": { "texture": "#handle", "uv": [ 0, 0, 1.4, 2 ] },
                "up": { "texture": "#handle", "uv": [ 0, 0, 1.4, 1.4 ] },
                "down": { "texture": "#handle", "uv": [ 0, 0, 1, 2 ] }
            }
        },
        {
            "from": [ 5.3, 11.9, 7 ], 
            "to": [ 6.3, 13.9, 9 ], 
            "faces": {
                "north": { "texture": "#handle", "uv": [ 0, 0, 1.4, 2 ] },
                "east": { "texture": "#handle", "uv": [ 0, 0, 1.4, 2 ] },
                "south": { "texture": "#handle", "uv": [ 0, 0, 1.4, 2 ] },
                "west": { "texture": "#metal_tip", "uv": [ 1, 1, 2, 2 ] },
                "up": { "texture": "#handle", "uv": [ 0, 0, 1.4, 1.4 ] },
                "down": { "texture": "#handle", "uv": [ 0, 0, 1, 2 ] }
            }
        },
        {
            "from": [ 6.3, 12.1, 7.2 ], 
            "to": [ 9.7, 13.7, 8.8 ], 
            "faces": {
                "north": { "texture": "#handle_guard", "uv": [ 0, 0, 1.4, 2 ] },
                "south": { "texture": "#handle_guard", "uv": [ 0, 0, 1.4, 2 ] },
                "up": { "texture": "#handle_guard", "uv": [ 0, 0, 1.4, 1.4 ] },
                "down": { "texture": "#handle_guard", "uv": [ 0, 0, 3.4, 1.6 ] }
            }
        }
    ]
}