{
  "parent": "minecraft:item/generated",
  "textures": {
    "layer0": "minecraft:item/paper"
  },
  "overrides": [
    {"predicate":{"custom_model_data":100}, "model":"custom/gui/override100"},
    {"predicate":{"custom_model_data":101}, "model":"custom/gui/override101"},
    {"predicate":{"custom_model_data":102}, "model":"custom/gui/override102"},
    {"predicate":{"custom_model_data":103}, "model":"custom/gui/override103"},
    {"predicate":{"custom_model_data":104}, "model":"custom/gui/override104"},
    {"predicate":{"custom_model_data":105}, "model":"custom/gui/override105"},
    {"predicate":{"custom_model_data":106}, "model":"custom/gui/override106"},
    {"predicate":{"custom_model_data":107}, "model":"custom/gui/override107"},
    {"predicate":{"custom_model_data":108}, "model":"custom/gui/override108"},
    {"predicate":{"custom_model_data":109}, "model":"custom/gui/override109"},
    {"predicate":{"custom_model_data":110}, "model":"custom/gui/override110"},
    {"predicate":{"custom_model_data":111}, "model":"custom/gui/override111"},
    {"predicate":{"custom_model_data":112}, "model":"custom/gui/override112"},
    {"predicate":{"custom_model_data":113}, "model":"custom/gui/override113"},
    {"predicate":{"custom_model_data":114}, "model":"custom/gui/override114"},
    {"predicate":{"custom_model_data":115}, "model":"custom/gui/override115"},
    {"predicate":{"custom_model_data":116}, "model":"custom/gui/override116"},
    {"predicate":{"custom_model_data":117}, "model":"custom/gui/override117"},
    {"predicate":{"custom_model_data":118}, "model":"custom/gui/override118"},
    {"predicate":{"custom_model_data":119}, "model":"custom/gui/override119"}
  ]
}